<?xml version="1.0" encoding="UTF-8"?>
<DEFECTS>
<OACRDEFECTCOUNT>13</OACRDEFECTCOUNT>
<OACRERRORCOUNT>0</OACRERRORCOUNT>
<DEFECT _seq="1"><SFA><LINE>20</LINE><COLUMN>9</COLUMN><FILENAME>driver.cpp</FILENAME><FILEPATH>g:\windriver\nt\3\</FILEPATH></SFA><DEFECTCODE>28101</DEFECTCODE><DESCRIPTION>The Drivers module has inferred that the current function is a DRIVER_INITIALIZE function:  This is informational only. No problem has been detected.</DESCRIPTION><FUNCTION>DriverEntry</FUNCTION><FUNCLINE>20</FUNCLINE><PATH/></DEFECT>
<DEFECT _seq="2"><SFA><LINE>31</LINE><COLUMN>45</COLUMN><FILENAME>driver.cpp</FILENAME><FILEPATH>g:\windriver\nt\3\</FILEPATH></SFA><DEFECTCODE>28169</DEFECTCODE><DESCRIPTION>The dispatch function 'IRPDispatchRoutine' does not have any __drv_dispatchType annotations:  This can be corrected by adding appropriate __drv_dispatchType annotations to the function. Unnecessary casts can cause this warning.</DESCRIPTION><FUNCTION>DriverEntry</FUNCTION><FUNCLINE>20</FUNCLINE><PATH/></DEFECT>
<DEFECT _seq="3"><SFA><LINE>32</LINE><COLUMN>44</COLUMN><FILENAME>driver.cpp</FILENAME><FILEPATH>g:\windriver\nt\3\</FILEPATH></SFA><DEFECTCODE>28169</DEFECTCODE><DESCRIPTION>The dispatch function 'IRPDispatchRoutine' does not have any __drv_dispatchType annotations:  This can be corrected by adding appropriate __drv_dispatchType annotations to the function. Unnecessary casts can cause this warning.</DESCRIPTION><FUNCTION>DriverEntry</FUNCTION><FUNCLINE>20</FUNCLINE><PATH/></DEFECT>
<DEFECT _seq="4"><SFA><LINE>30</LINE><COLUMN>29</COLUMN><FILENAME>driver.cpp</FILENAME><FILEPATH>g:\windriver\nt\3\</FILEPATH></SFA><DEFECTCODE>28155</DEFECTCODE><DESCRIPTION>The function being assigned or passed should be a DRIVER_UNLOAD function:  Add the declaration 'DRIVER_UNLOAD DriverUnload;' before the current first declaration of DriverUnload.</DESCRIPTION><FUNCTION>DriverEntry</FUNCTION><FUNCLINE>20</FUNCLINE><PATH/></DEFECT>
<DEFECT _seq="5"><SFA><LINE>31</LINE><COLUMN>45</COLUMN><FILENAME>driver.cpp</FILENAME><FILEPATH>g:\windriver\nt\3\</FILEPATH></SFA><DEFECTCODE>28155</DEFECTCODE><DESCRIPTION>The function being assigned or passed should be a DRIVER_DISPATCH function:  Add the declaration 'DRIVER_DISPATCH IRPDispatchRoutine;' before the current first declaration of IRPDispatchRoutine.</DESCRIPTION><FUNCTION>DriverEntry</FUNCTION><FUNCLINE>20</FUNCLINE><PATH/></DEFECT>
<DEFECT _seq="6"><SFA><LINE>32</LINE><COLUMN>44</COLUMN><FILENAME>driver.cpp</FILENAME><FILEPATH>g:\windriver\nt\3\</FILEPATH></SFA><DEFECTCODE>28155</DEFECTCODE><DESCRIPTION>The function being assigned or passed should be a DRIVER_DISPATCH function:  Add the declaration 'DRIVER_DISPATCH IRPDispatchRoutine;' before the current first declaration of IRPDispatchRoutine.</DESCRIPTION><FUNCTION>DriverEntry</FUNCTION><FUNCLINE>20</FUNCLINE><PATH/></DEFECT>
<DEFECT _seq="7"><SFA><LINE>50</LINE><COLUMN>5</COLUMN><FILENAME>driver.cpp</FILENAME><FILEPATH>g:\windriver\nt\3\</FILEPATH></SFA><DEFECTCODE>28170</DEFECTCODE><DESCRIPTION>The function 'DriverUnload' has been declared to be in a paged segment, but neither PAGED_CODE nor PAGED_CODE_LOCKED was found.</DESCRIPTION><FUNCTION>DriverUnload</FUNCTION><FUNCLINE>50</FUNCLINE><PATH/></DEFECT>
<DEFECT _seq="8"><SFA><LINE>59</LINE><COLUMN>2</COLUMN><FILENAME>driver.cpp</FILENAME><FILEPATH>g:\windriver\nt\3\</FILEPATH></SFA><DEFECTCODE>28175</DEFECTCODE><DESCRIPTION>The 'NextDevice' member of _DEVICE_OBJECT should not be accessed by a driver:  Access to this member may be permitted for certain classes of drivers. See the documentation for this warning for more information.</DESCRIPTION><FUNCTION>DriverUnload</FUNCTION><FUNCLINE>50</FUNCLINE><PATH/></DEFECT>
<DEFECT _seq="9"><SFA><LINE>61</LINE><COLUMN>37</COLUMN><FILENAME>driver.cpp</FILENAME><FILEPATH>g:\windriver\nt\3\</FILEPATH></SFA><DEFECTCODE>28175</DEFECTCODE><DESCRIPTION>The 'NextDevice' member of _DEVICE_OBJECT should not be accessed by a driver:  Access to this member may be permitted for certain classes of drivers. See the documentation for this warning for more information.</DESCRIPTION><FUNCTION>DriverUnload</FUNCTION><FUNCLINE>50</FUNCLINE><PATH/></DEFECT>
<DEFECT _seq="10"><SFA><LINE>105</LINE><COLUMN>9</COLUMN><FILENAME>driver.cpp</FILENAME><FILEPATH>g:\windriver\nt\3\</FILEPATH></SFA><DEFECTCODE>28170</DEFECTCODE><DESCRIPTION>The function 'CreateDevice' has been declared to be in a paged segment, but neither PAGED_CODE nor PAGED_CODE_LOCKED was found.</DESCRIPTION><FUNCTION>CreateDevice</FUNCTION><FUNCLINE>105</FUNCLINE><PATH/></DEFECT>
<DEFECT _seq="11"><SFA><LINE>133</LINE><COLUMN>9</COLUMN><FILENAME>driver.cpp</FILENAME><FILEPATH>g:\windriver\nt\3\</FILEPATH></SFA><DEFECTCODE>28719</DEFECTCODE><DESCRIPTION>Banned API Usage:  swprintf is a Banned API as listed in dontuse.h for security purposes.</DESCRIPTION><FUNCTION>CreateDevice</FUNCTION><FUNCLINE>105</FUNCLINE><PATH/></DEFECT>
<DEFECT _seq="12"><SFA><LINE>158</LINE><COLUMN>9</COLUMN><FILENAME>driver.cpp</FILENAME><FILEPATH>g:\windriver\nt\3\</FILEPATH></SFA><DEFECTCODE>28719</DEFECTCODE><DESCRIPTION>Banned API Usage:  swprintf is a Banned API as listed in dontuse.h for security purposes.</DESCRIPTION><FUNCTION>CreateDevice</FUNCTION><FUNCLINE>105</FUNCLINE><PATH/></DEFECT>
<DEFECT _seq="13"><SFA><LINE>206</LINE><COLUMN>5</COLUMN><FILENAME>driver.cpp</FILENAME><FILEPATH>g:\windriver\nt\3\</FILEPATH></SFA><DEFECTCODE>28170</DEFECTCODE><DESCRIPTION>The function 'PrintDriverInfo' has been declared to be in a paged segment, but neither PAGED_CODE nor PAGED_CODE_LOCKED was found.</DESCRIPTION><FUNCTION>PrintDriverInfo</FUNCTION><FUNCLINE>206</FUNCLINE><PATH/></DEFECT>
</DEFECTS>
