<?xml version="1.0" encoding="UTF-8"?>
<DEFECTS>
<OACRDEFECTCOUNT>10</OACRDEFECTCOUNT>
<OACRERRORCOUNT>0</OACRERRORCOUNT>
<DEFECT _seq="1"><SFA><LINE>20</LINE><COLUMN>9</COLUMN><FILENAME>driver.cpp</FILENAME><FILEPATH>g:\windriver\nt\1\</FILEPATH></SFA><DEFECTCODE>28101</DEFECTCODE><DESCRIPTION>The Drivers module has inferred that the current function is a DRIVER_INITIALIZE function:  This is informational only. No problem has been detected.</DESCRIPTION><FUNCTION>DriverEntry</FUNCTION><FUNCLINE>20</FUNCLINE><PATH/></DEFECT>
<DEFECT _seq="2"><SFA><LINE>30</LINE><COLUMN>45</COLUMN><FILENAME>driver.cpp</FILENAME><FILEPATH>g:\windriver\nt\1\</FILEPATH></SFA><DEFECTCODE>28169</DEFECTCODE><DESCRIPTION>The dispatch function 'IRPDispatchRoutine' does not have any __drv_dispatchType annotations:  This can be corrected by adding appropriate __drv_dispatchType annotations to the function. Unnecessary casts can cause this warning.</DESCRIPTION><FUNCTION>DriverEntry</FUNCTION><FUNCLINE>20</FUNCLINE><PATH/></DEFECT>
<DEFECT _seq="3"><SFA><LINE>31</LINE><COLUMN>44</COLUMN><FILENAME>driver.cpp</FILENAME><FILEPATH>g:\windriver\nt\1\</FILEPATH></SFA><DEFECTCODE>28169</DEFECTCODE><DESCRIPTION>The dispatch function 'IRPDispatchRoutine' does not have any __drv_dispatchType annotations:  This can be corrected by adding appropriate __drv_dispatchType annotations to the function. Unnecessary casts can cause this warning.</DESCRIPTION><FUNCTION>DriverEntry</FUNCTION><FUNCLINE>20</FUNCLINE><PATH/></DEFECT>
<DEFECT _seq="4"><SFA><LINE>29</LINE><COLUMN>29</COLUMN><FILENAME>driver.cpp</FILENAME><FILEPATH>g:\windriver\nt\1\</FILEPATH></SFA><DEFECTCODE>28155</DEFECTCODE><DESCRIPTION>The function being assigned or passed should be a DRIVER_UNLOAD function:  Add the declaration 'DRIVER_UNLOAD DriverUnload;' before the current first declaration of DriverUnload.</DESCRIPTION><FUNCTION>DriverEntry</FUNCTION><FUNCLINE>20</FUNCLINE><PATH/></DEFECT>
<DEFECT _seq="5"><SFA><LINE>30</LINE><COLUMN>45</COLUMN><FILENAME>driver.cpp</FILENAME><FILEPATH>g:\windriver\nt\1\</FILEPATH></SFA><DEFECTCODE>28155</DEFECTCODE><DESCRIPTION>The function being assigned or passed should be a DRIVER_DISPATCH function:  Add the declaration 'DRIVER_DISPATCH IRPDispatchRoutine;' before the current first declaration of IRPDispatchRoutine.</DESCRIPTION><FUNCTION>DriverEntry</FUNCTION><FUNCLINE>20</FUNCLINE><PATH/></DEFECT>
<DEFECT _seq="6"><SFA><LINE>31</LINE><COLUMN>44</COLUMN><FILENAME>driver.cpp</FILENAME><FILEPATH>g:\windriver\nt\1\</FILEPATH></SFA><DEFECTCODE>28155</DEFECTCODE><DESCRIPTION>The function being assigned or passed should be a DRIVER_DISPATCH function:  Add the declaration 'DRIVER_DISPATCH IRPDispatchRoutine;' before the current first declaration of IRPDispatchRoutine.</DESCRIPTION><FUNCTION>DriverEntry</FUNCTION><FUNCLINE>20</FUNCLINE><PATH/></DEFECT>
<DEFECT _seq="7"><SFA><LINE>103</LINE><COLUMN>5</COLUMN><FILENAME>driver.cpp</FILENAME><FILEPATH>g:\windriver\nt\1\</FILEPATH></SFA><DEFECTCODE>28170</DEFECTCODE><DESCRIPTION>The function 'DriverUnload' has been declared to be in a paged segment, but neither PAGED_CODE nor PAGED_CODE_LOCKED was found.</DESCRIPTION><FUNCTION>DriverUnload</FUNCTION><FUNCLINE>103</FUNCLINE><PATH/></DEFECT>
<DEFECT _seq="8"><SFA><LINE>131</LINE><COLUMN>9</COLUMN><FILENAME>driver.cpp</FILENAME><FILEPATH>g:\windriver\nt\1\</FILEPATH></SFA><DEFECTCODE>28170</DEFECTCODE><DESCRIPTION>The function 'CreateDevice' has been declared to be in a paged segment, but neither PAGED_CODE nor PAGED_CODE_LOCKED was found.</DESCRIPTION><FUNCTION>CreateDevice</FUNCTION><FUNCLINE>131</FUNCLINE><PATH/></DEFECT>
<DEFECT _seq="9"><SFA><LINE>144</LINE><COLUMN>9</COLUMN><FILENAME>driver.cpp</FILENAME><FILEPATH>g:\windriver\nt\1\</FILEPATH></SFA><DEFECTCODE>28719</DEFECTCODE><DESCRIPTION>Banned API Usage:  swprintf is a Banned API as listed in dontuse.h for security purposes.</DESCRIPTION><FUNCTION>CreateDevice</FUNCTION><FUNCLINE>131</FUNCLINE><PATH/></DEFECT>
<DEFECT _seq="10"><SFA><LINE>150</LINE><COLUMN>9</COLUMN><FILENAME>driver.cpp</FILENAME><FILEPATH>g:\windriver\nt\1\</FILEPATH></SFA><DEFECTCODE>28719</DEFECTCODE><DESCRIPTION>Banned API Usage:  swprintf is a Banned API as listed in dontuse.h for security purposes.</DESCRIPTION><FUNCTION>CreateDevice</FUNCTION><FUNCLINE>131</FUNCLINE><PATH/></DEFECT>
</DEFECTS>
